﻿{
  "type": "AdaptiveCard",
  "$schema": "http://adaptivecards.io/schemas/adaptive-card.json",
  "version": "1.0",
  "body": [
    {
      "type": "TextBlock",
      "text": "도움말",
      "size": "extraLarge",
      "horizontalAlignment": "center"
    },
    {
      "type": "TextBlock",
      "text": "저희 챗봇은 자연어 처리에 기반한 지능적 챗봇입니다. 질문자의 의도를 파악하여 질문 속에 담긴 의도와 관련된 요소들을 같이 뽑아내어 적합한 답변을 보내줍니다. 평소에 대화하시듯이 질문해 주시면 됩니다.",
      "spacing": "Small",
      "horizontalAlignment": "Left",
      "wrap": true
    },
    {
      "type": "TextBlock",
      "text": "예시"
    },
    {
      "type": "FactSet",
      "facts": [
        {
          "title": "질문",
          "value": "학술정보관 전화번호 알려줘"
        },
        {
          "title": "답변",
          "value": "학술정보관의 전화번호는 02-760-4283 입니다"
        }
      ]
    },
    {
      "type": "TextBlock",
      "text": "제공되는 서비스들에 대하여 더 자세한 내용들을 확인하고 싶으시면 아래 버튼을 눌러주십시시오",
      "wrap": true
    }
  ],
  "actions": [
    {
      "type": "Action.ShowCard",
      "title": "서비스 보기",
      "card": {
        "type": "AdaptiveCard",
        "$schema": "http://adaptivecards.io/schemas/adaptive-card.json",
        "actions": [
          {
            "type": "Action.ShowCard",
            "title": "버스정보 자세히 보기",
            "card": {
              "type": "AdaptiveCard",
              "$schema": "http://adaptivecards.io/schemas/adaptive-card.json",
              "body": [
                {
                  "type": "TextBlock",
                  "text": "학교와 역을 지나가는 성북02번과 종로03번에 대한 위치를 알려줍니다.",
                  "size": "Medium",
                  "wrap": true
                },
                {
                  "type": "FactSet",
                  "facts": [
                    {
                      "title": "질문",
                      "value": "학교로가는 종로03번 버스 언제와?"
                    },
                    {
                      "title": "답변",
                      "value": "창신역에 도착하는 첫번째 버스는 5분 후, 두번째 버스는 10분후에 도착합니다."
                    }
                  ]
                }
              ]
            }
          },
          {
            "type": "Action.ShowCard",
            "title": "버스정보 자세히 보기",
            "card": {
              "type": "AdaptiveCard",
              "$schema": "http://adaptivecards.io/schemas/adaptive-card.json",
              "body": [
                {
                  "type": "TextBlock",
                  "text": "학교와 역을 지나가는 성북02번과 종로03번에 대한 위치를 알려줍니다.",
                  "size": "Medium",
                  "wrap": true
                },
                {
                  "type": "FactSet",
                  "facts": [
                    {
                      "title": "질문",
                      "value": "학교로가는 종로03번 버스 언제와?"
                    },
                    {
                      "title": "답변",
                      "value": "창신역에 도착하는 첫번째 버스는 5분 후, 두번째 버스는 10분후에 도착합니다."
                    }
                  ]
                }
              ]
            }
          },
          {
            "type": "Action.ShowCard",
            "title": "버스정보 자세히 보기",
            "card": {
              "type": "AdaptiveCard",
              "$schema": "http://adaptivecards.io/schemas/adaptive-card.json",
              "body": [
                {
                  "type": "TextBlock",
                  "text": "학교와 역을 지나가는 성북02번과 종로03번에 대한 위치를 알려줍니다.",
                  "size": "Medium",
                  "wrap": true
                },
                {
                  "type": "FactSet",
                  "facts": [
                    {
                      "title": "질문",
                      "value": "학교로가는 종로03번 버스 언제와?"
                    },
                    {
                      "title": "답변",
                      "value": "창신역에 도착하는 첫번째 버스는 5분 후, 두번째 버스는 10분후에 도착합니다."
                    }
                  ]
                }
              ]
            }
          },
          {
            "type": "Action.ShowCard",
            "title": "버스정보 자세히 보기",
            "card": {
              "type": "AdaptiveCard",
              "$schema": "http://adaptivecards.io/schemas/adaptive-card.json",
              "body": [
                {
                  "type": "TextBlock",
                  "text": "학교와 역을 지나가는 성북02번과 종로03번에 대한 위치를 알려줍니다.",
                  "size": "Medium",
                  "wrap": true
                },
                {
                  "type": "FactSet",
                  "facts": [
                    {
                      "title": "질문",
                      "value": "학교로가는 종로03번 버스 언제와?"
                    },
                    {
                      "title": "답변",
                      "value": "창신역에 도착하는 첫번째 버스는 5분 후, 두번째 버스는 10분후에 도착합니다."
                    }
                  ]
                }
              ]
            }
          },
          {
            "type": "Action.ShowCard",
            "title": "미세먼지 자세히 보기",
            "card": {
              "type": "AdaptiveCard",
              "$schema": "http://adaptivecards.io/schemas/adaptive-card.json",
              "body": [
                {
                  "type": "TextBlock",
                  "text": "원하는 지역의 미세먼지 정보를 알려줍니다.",
                  "size": "Medium",
                  "wrap": true
                },
                {
                  "type": "FactSet",
                  "facts": [
                    {
                      "title": "질문",
                      "value": "학교로가는 종로03번 버스 언제와?"
                    },
                    {
                      "title": "답변",
                      "value": "창신역에 도착하는 첫번째 버스는 5분 후, 두번째 버스는 10분후에 도착합니다."
                    }
                  ]
                }
              ]
            }
          }
        ]
      }
    }
  ]
}